0x3d5eda1b87b0022f19d143e3b4486c8815a2e4e5,,,,,,,,,,,,,,,,,,,,
0x2b29833a831207a3b92102b0708b32d624aa0f65,,,,,,,,,,,,,,,,,,,,
0x613cab2a89b9c990d18b14c3fca7b384ae2ca1f7,,,,,,,,,,,,,,,,,,,,
0xba2dc20329b21370b91e1306b1c0b4c0ff9adbd5,,,,,,,,,,,,,,,,,,,,
0x17e8674ec2d60a5aff1536af3fa8aff471f90fdc,,,,,,,,,,,,,,,,,,,,
0x68716e2bd2b36eb58ad8cbbcd30647338812571a,,,,,,,,,,,,,,,,,,,,
0x0f3c3349f89f11ca4035b0cce3027e9cc5fc0d55,,,,,,,,,,,,,,,,,,,,
0xee09973af8d0c06a7e4b9e074fdc2b3c2070b73c,,,,,,,,,,,,,,,,,,,,
0xca99d35880ce5f6c62ebdc82bdaa02a8ea96101f,,,,,,,,,,,,,,,,,,,,
0x0ed37b6937e886026b24b6699c4de49c61889619,,,,,,,,,,,,,,,,,,,,
0xabe495b1aaa7b8d3b77e160de01e160ad5673863,,,,,,,,,,,,,,,,,,,,
0x06d20b5b4f470bf095a49de4be52b537c05612f2,,,,,,,,,,,,,,,,,,,,
0xa4c1035a8f0a7d75caab87d86d7c466d14c6c63a,,,,,,,,,,,,,,,,,,,,
0xf8a3945126a73b6a1263a920278df55472b182db,,,,,,,,,,,,,,,,,,,,
0xe0132b0b81a87b9b0c4e4af91819f40eee78010c,,,,,,,,,,,,,,,,,,,,
0x5f4a056d050603b588ae10854bd841e4d3f78239,,,,,,,,,,,,,,,,,,,,
0xc67b0ad63a224403f4fba6a4f4c5b285a64fd5b9,,,,,,,,,,,,,,,,,,,,
0x3a793f7e12d90db2492b54188cc0edf84d2f9007,,,,,,,,,,,,,,,,,,,,
0x8a530ff7e5d7205b32796a7c47b9e9f99af1b637,,,,,,,,,,,,,,,,,,,,
0x17196b4d4b38335018fbacc031ad198bc92c5bee,,,,,,,,,,,,,,,,,,,,
0x67ef9bf39851144c50662639337a7c553b3a9f8c,,,,,,,,,,,,,,,,,,,,
0x7496cb0161bd3d21e0c2a53a0e06271c865949e8,,,,,,,,,,,,,,,,,,,,
0x0e80a01f8e69d535975fa34e64498651bc74247f,,,,,,,,,,,,,,,,,,,,
0xe59332a8dbc718699724534c6785b0d12924675d,,,,,,,,,,,,,,,,,,,,
0xb34b57462b0b7e8884b120a10a432db1b2e6c1c3,,,,,,,,,,,,,,,,,,,,
0xe6e2600c014d49660cc8a2e653dcfa6e84adf673,,,,,,,,,,,,,,,,,,,,
0xf7977e5e81d9caef2d2e80bc73c0ea28cc49c75a,,,,,,,,,,,,,,,,,,,,
0x46064e5065c23458f82a530ccb3c4b30695a4505,,,,,,,,,,,,,,,,,,,,
0x74569acd5ffd302f9ae490f1bdab06c013737ad0,,,,,,,,,,,,,,,,,,,,  <!-- Minting button provided by Mintplex.xyz -->
0x893b3a6c25119c91281cb0a883ac626925466fb6,,,,,,,,,,,,,,,,,,,,  <div 
0x4b06dc3a334ca669d24cee6f3ff47089f3fc989d,,,,,,,,,,,,,,,,,,,,    id='rampp-minting-container-0b4a0ac4-504d-48b8-a597-8a42f4d065f2' 
0xc1d869a4c846a295b3505e768dd67c57346fb746,,,,,,,,,,,,,,,,,,,,    class='rampp-minting-container'>
0xca9821bd229b44b7a78754b50231091c957dca74,,,,,,,,,,,,,,,,,,,,    <button
0xf082740408188f0f492f2f45fed7f9ca761ee26a,,,,,,,,,,,,,,,,,,,,      id='rampp-minting-button-0b4a0ac4-504d-48b8-a597-8a42f4d065f2'
0x185ec22fecc8f657325fff16b911a76749a08ffb,,,,,,,,,,,,,,,,,,,,      class='rampp-minting-button' 
0x5174096c211c192d6414ba2f54b41ae8fcc5e543,,,,,,,,,,,,,,,,,,,,      style='display:none'
0x9e2f6033114955f4173472fedc4e34ea0186fb7f,,,,,,,,,,,,,,,,,,,,      data-merkle-proof-uri='https://us-central1-nft-rampp.cloudfunctions.net/allowlist/5LWbXgxM4NMYB5U3ROLe/merkle/verify'
0xc8a8bf2e37fc1a205fb8281a6a866bc8f7110041,,,,,,,,,,,,,,,,,,,,      data-styles='eyJvcGVuIjp7InRleHQiOiJNaW50JTIwTkZUISIsInN0eWxlcyI6ImJvcmRlcjpub25lO3dpZHRoOiAxNXJlbTtwYWRkaW5nOjAuNXJlbTtmb250LXNpemU6IDEuMTI1cmVtO2xpbmUtaGVpZ2h0OiAxLjc1cmVtO3RleHQtYWxpZ246IGNlbnRlcjtjdXJzb3I6IHBvaW50ZXI7Ym9yZGVyLXJhZGl1czowLjVyZW07Y29sb3I6I0ZGRkZGRjtiYWNrZ3JvdW5kLWNvbG9yOiM0MmZmOTQ7In0sInBhdXNlZCI6eyJ0ZXh0IjoiTWludCUyMENsb3NlZCIsInN0eWxlcyI6ImJvcmRlcjpub25lO3dpZHRoOiAxNXJlbTtwYWRkaW5nOjAuNXJlbTtmb250LXNpemU6IDEuMTI1cmVtO2xpbmUtaGVpZ2h0OiAxLjc1cmVtO3RleHQtYWxpZ246IGNlbnRlcjtjdXJzb3I6IHBvaW50ZXI7Ym9yZGVyLXJhZGl1czowLjVyZW07Y29sb3I6IzY3NjU2NTtiYWNrZ3JvdW5kLWNvbG9yOiNDQ0RCREM7Y3Vyc29yOm5vdC1hbGxvd2VkOyJ9LCJzdXBwbHlSZWFjaGVkIjp7InRleHQiOiJBbGwlMjBUb2tlbnMlMjBNaW50ZWQhIiwic3R5bGVzIjoiYm9yZGVyOm5vbmU7d2lkdGg6IDE1cmVtO3BhZGRpbmc6MC41cmVtO2ZvbnQtc2l6ZTogMS4xMjVyZW07bGluZS1oZWlnaHQ6IDEuNzVyZW07dGV4dC1hbGlnbjogY2VudGVyO2N1cnNvcjogcG9pbnRlcjtib3JkZXItcmFkaXVzOjAuNXJlbTtjb2xvcjojZmYwMDAwO2JhY2tncm91bmQtY29sb3I6I2ZmYjhiODtjdXJzb3I6bm90LWFsbG93ZWQ7In0sImVycm9yIjp7InRleHQiOiJNaW50aW5nIFVuYXZhaWxhYmxlIiwic3R5bGVzIjoiYm9yZGVyOm5vbmU7d2lkdGg6IDE1cmVtO3BhZGRpbmc6MC41cmVtO2ZvbnQtc2l6ZTogMS4xMjVyZW07bGluZS1oZWlnaHQ6IDEuNzVyZW07dGV4dC1hbGlnbjogY2VudGVyO2N1cnNvcjogcG9pbnRlcjtib3JkZXItcmFkaXVzOjAuNXJlbTtjb2xvcjojZmYwMDAwO2JhY2tncm91bmQtY29sb3I6I2ZmYjhiODtjdXJzb3I6bm90LWFsbG93ZWQ7In0sImNsYWltVGV4dCI6eyJ0ZXh0IjpudWxsLCJzdHlsZXMiOiJjb2xvcjogcmdiYSgxNTYsIDE2MywgMTc1KTtmb250LXNpemU6IDAuNzVyZW07bGluZS1oZWlnaHQ6IDFyZW07dGV4dC1hbGlnbjogY2VudGVyO3BhZGRpbmctdG9wOiAwLjI1cmVtO3BhZGRpbmctYm90dG9tOiAwLjI1cmVtO21hcmdpbjowO2ZvbnQtZmFtaWx5OnNhbnMtc2VyaWY7In0sInF1YW50aXR5Ijp7InRleHQiOm51bGwsInN0eWxlcyI6IndpZHRoOjQwcHg7Y29sb3I6IzQyZmY5NDtib3JkZXItc3R5bGU6c29saWQ7Ym9yZGVyLXdpZHRoOjFweDtib3JkZXItY29sb3I6IzQyZmY5NDtib3JkZXItcmFkaXVzOjAuNXJlbTtmb250LXNpemU6MS4zcmVtO3RleHQtYWxpZ246Y2VudGVyOyJ9LCJtaW50TWVzc2FnZSI6IiJ9'
0xecccf09d3ed95e549c826e845749a63bf4dc0f47,,,,,,,,,,,,,,,,,,,,"      data-abi-link=""https://firebasestorage.googleapis.com/v0/b/nft-rampp.appspot.com/o/solidity_outputs%2F5LWbXgxM4NMYB5U3ROLe%2FTheFewFromL2Contract_data-898aefdb-3092-44d5-a25b-8168c66a37e6.json?alt=media"""
0x83c4647fa993f6ae5180f4908c13c3d54bb35a7f,,,,,,,,,,,,,,,,,,,,"      data-redirect=""https://nftearth.exchange"""
0xa84b80d57f8bf3cd436e2d2ecd4b8752c522e567,,,,,,,,,,,,,,,,,,,,"      data-contract-address=""0xD33b6AA2e696eCa26Ad96589b08bFd1b93D870E4"""
0xd92a00719d437f84e97e1736a4d1b4b8818b0d77,,,,,,,,,,,,,,,,,,,,"      data-show-claim-count=""true"""
0xd35d3b9b2d865ca15e3d5c1598f9d209003074f2,,,,,,,,,,,,,,,,,,,,"      data-network=""optimism"""
0xc1a3078e1308ae72c79b472a92b1282ddef5bd7a,,,,,,,,,,,,,,,,,,,,"      data-format=""single"""
0x9734bffd7dbb5ac81610bd3f898d7319c7f70771,,,,,,,,,,,,,,,,,,,,"      data-erc20-payments=""0x4200000000000000000000000000000000000042"""
0x7079b3709f9f4c93c4d18df3232a13d429460fa1,,,,,,,,,,,,,,,,,,,,"      data-redemption-contracts="""""
0x0dd53e8739beeb2a97d75ccda94f3471d1edda2c,,,,,,,,,,,,,,,,,,,,"      data-use-winter=""false"""
0x86eb43caae20165bfaa6f1d125471e5cc56d5f38,,,,,,,,,,,,,,,,,,,,"      data-winter-project-id=""null"">"
0x06a54b9c1832b46c38f78a6788e9ef5142ff810f,,,,,,,,,,,,,,,,,,,,    </button>
0x0aa8b6540efb58a77277936bc6eccddc8154c847,,,,,,,,,,,,,,,,,,,,    </div>
0x4392e5cf4568eb3771cad24d4c3238525ff878ba,,,,,,,,,,,,,,,,,,,,"    <script src=""https://cdnjs.cloudflare.com/ajax/libs/web3/1.7.0-rc.0/web3.min.js"" crossorigin=""anonymous"" referrerpolicy=""no-referrer""></script>"
0x4a14d4e0a3516f31bad706e2f5aa9fb32127c032,,,,,,,,,,,,,,,,,,,,"    <script type=""text/javascript"" src=""https://unpkg.com/web3modal@1.9.8/dist/index.js""></script>"
0xd99017a640c5c919267a0445464738f6eed0d19d,,,,,,,,,,,,,,,,,,,,"    <script type=""text/javascript"" src=""https://unpkg.com/evm-chains@0.2.0/dist/umd/index.min.js""></script>"
0x6b8eddb5426476ff0750fd95389267e3318987ec,,,,,,,,,,,,,,,,,,,,"    <script type=""text/javascript"" src=""https://unpkg.com/@walletconnect/web3-provider@1.7.8/dist/umd/index.min.js""></script>"
0xe564acf19a6cbe4e8a697888f57cd4c867f3bd2f,,,,,,,,,,,,,,,,,,,,    
0xc20d36a86ce9c59b4278444451aa1265a91defdb,,,,,,,,,,,,,,,,,,,,"    <script type='text/javascript' src=""https://mintplex.xyz/embeds/v2.1/embed.js"" data-uuid='0b4a0ac4-504d-48b8-a597-8a42f4d065f2'></script>"
0xf0c2e7091560258eecf5185ff5b775be480248c5,,,,,,,,,,,,,,,,,,,,  <!-- End Mintplex.xyz minting button-->
0x07685bd68e86b01d3e8e0cf80ca8cc96b6e80dcb,,,,,,,,,,,,,,,,,,,,  
0x9e4bee4ac4089207ee239c27efb115ff4b242362,,,,,,,,,,,,,,,,,,,,
0xe45c950efb371c331ffef421b5c8787c74830479,,,,,,,,,,,,,,,,,,,,
0xce896e61766cf45794815f291711220ebde3a181,,,,,,,,,,,,,,,,,,,,
0xd6b4b954671aa895db7d9cda862720c70977bd1f,,,,,,,,,,,,,,,,,,,,
0x9b23215c663e28ac4f43a1d5b85005597b7399af,,,,,,,,,,,,,,,,,,,,
0x5bc467b19589c2415ee9c146d97e9e9aa2f7465f,,,,,,,,,,,,,,,,,,,,
0x8f077721d9a1a0f52635ef8077a5513dd4f72dea,,,,,,,,,,,,,,,,,,,,
0x6b65a271ecea56214493764d6b100c91fcdb1e6f,,,,,,,,,,,,,,,,,,,,
0xbdac34f971ad3cb36c378d2055bd44468c90723d,,,,,,,,,,,,,,,,,,,,
0x36fdd3dd2f849a2b8932cb0d7d5e0826761bf478,,,,,,,,,,,,,,,,,,,,
0x84a3405f35d9ebce3c3c27914df311106ffe1d86,,,,,,,,,,,,,,,,,,,,
0x4a265427adf32d6c0b77abf9ee7175d14264a232,,,,,,,,,,,,,,,,,,,,
0x1bef91cf306d610d2b1ad15cecec81ec05be1453,,,,,,,,,,,,,,,,,,,,
0x6dd3d13d74bbeb0c912ffd28514ea2d32671423a,,,,,,,,,,,,,,,,,,,,
0xc6da99639d66f687b4aae430f1d33c2009a286c0,,,,,,,,,,,,,,,,,,,,
0x889d349f3199c78240978b801570ded73fffd3dc,,,,,,,,,,,,,,,,,,,,
0x71f7d877312df4c529dbdab6f67fc8e32b574298,,,,,,,,,,,,,,,,,,,,
0x49c4a548bfd6bc308d720d453750a1d8cfb4fa4c,,,,,,,,,,,,,,,,,,,,
0x2951037a863e2c5694d305a51eac9740f883804d,,,,,,,,,,,,,,,,,,,,
0xcf61575c0545d4f25d40453705162d73b192a322,,,,,,,,,,,,,,,,,,,,
0x994f96722575b64b27cdbe327498f34aaa2f0043,,,,,,,,,,,,,,,,,,,,
0x7cb55a406583bf282658234d3ea3b1bb91b41cbd,,,,,,,,,,,,,,,,,,,,
0xe6a3d03de086a9e8dc070949f08e9db66c9f01be,,,,,,,,,,,,,,,,,,,,
0x3d74cb305f33f840789dac5492cf180b1e3ece4f,,,,,,,,,,,,,,,,,,,,
0xbf16c47aecac07fe848d37ffc98d37acd7c49d82,,,,,,,,,,,,,,,,,,,,
0x4236e1ce088a1d0b223d90862afeb8f1d1048e1d,,,,,,,,,,,,,,,,,,,,
0x3c3e1266d1ed0ef96c9794825d789bbe5acf5cdb,,,,,,,,,,,,,,,,,,,,
0xbb2bf0e4ed10021ed76a3f2f0f592bd16d57cdba,,,,,,,,,,,,,,,,,,,,
0xd3742d537e142c4d22463a8f74a8a3d28af47241,,,,,,,,,,,,,,,,,,,,
0x82a630e27e3d1ec45bc0f3f25f8f53c45b2722d8,,,,,,,,,,,,,,,,,,,,
0x9c2db1778df145f4db88e95c52d1b96fb2d29c46,,,,,,,,,,,,,,,,,,,,
0x07a1b623f28328885e12e2c9b885b402f45609f1,,,,,,,,,,,,,,,,,,,,
0x5f0dabf7eff7eda1a980b1a90ffe0199aa3d3281,,,,,,,,,,,,,,,,,,,,
0xb1abd733f367137667460eb821989beb77d60939,,,,,,,,,,,,,,,,,,,,
0xa092479af6bbfe3cbcd3930a045953ec7d28b0f2,,,,,,,,,,,,,,,,,,,,
0x027dc34c5956cfc9f13a7058a3527ee4ed11f2c8,,,,,,,,,,,,,,,,,,,,
0x025a01c7d7cc1475218136ce8b5a7ab3bfd72ba5,,,,,,,,,,,,,,,,,,,,
0x1d6cdc9eeadcd5967148c726e3f3835ee78fdb2c,,,,,,,,,,,,,,,,,,,,
0x3378cb595c48c7caa1ca4651683c84685f19daa0,,,,,,,,,,,,,,,,,,,,
0xb10bd5cfe2744fbe2916d2a7dc59a939617dfe1b,,,,,,,,,,,,,,,,,,,,
0x16b0d2ff92fb7651cb6c5be722a32376bb190315,,,,,,,,,,,,,,,,,,,,
0xd6af802b6661dc741a1fdaa7e25c3a3509ecdf8b,,,,,,,,,,,,,,,,,,,,
0x8b1c1ee511fa0f3c5f602a84d43dbbfd2c5b1a6a,,,,,,,,,,,,,,,,,,,,
0x9b2f36cc947e61a1fcb8f6ceed5ed56084d36083,,,,,,,,,,,,,,,,,,,,
0xba8421340396eb6d6be19e8b4715ae68e34ec161,,,,,,,,,,,,,,,,,,,,
0x2174cc45bf4d1a650fd0ab66499e04f4b781c5fc,,,,,,,,,,,,,,,,,,,,
0xb4df8032f321a7192ac81aafe7fab0dec25aba3a,,,,,,,,,,,,,,,,,,,,
0xbb43d8eb97585b9e8eeec90c342714a95c9e1350,,,,,,,,,,,,,,,,,,,,
0x4e811ca0924e0a9e8e9cd87cec5c037c41fd773d,,,,,,,,,,,,,,,,,,,,
0x32c55bded50e12568dabdad3054c278a99168ad1,,,,,,,,,,,,,,,,,,,,
0x29b10b9081b2e4aed5411a7154bb8559c89e8785,,,,,,,,,,,,,,,,,,,,
0x3511267ab3c96fce642ede8c8b1751fea322fccb,,,,,,,,,,,,,,,,,,,,
0x9315180c151531e1ce7bcfd9ec19f2a8bc4dd5e0,,,,,,,,,,,,,,,,,,,,
0x0878d417a31d0f877eb37babc55d65a5673caf8b,,,,,,,,,,,,,,,,,,,,
0x71c4fa6a4fb81f67b670b06ddc44de24ed7f5326,,,,,,,,,,,,,,,,,,,,
0xf6a1f53026dc95152269ab4fd5de04cbaffdb528,,,,,,,,,,,,,,,,,,,,
0x062168300176aa3947d2feebccee188ef35abeb5,,,,,,,,,,,,,,,,,,,,
0xd4c909910f9eaf64a71ceafbe1b619282c522dda,,,,,,,,,,,,,,,,,,,,
0x9641e0352b94c513b9b42987b368a76d5b73ad4e,,,,,,,,,,,,,,,,,,,,
0x8de7bb14218d4e1bf210a6eca81b0b8d9e82a0e4,,,,,,,,,,,,,,,,,,,,
0x46380849d493a20402b690caedbf8b883bfa5018,,,,,,,,,,,,,,,,,,,,
0x122c1f6760eb7ceecb4e13f9949ce804f0625aeb,,,,,,,,,,,,,,,,,,,,
0x1589b9f963ee2231c9f0f5313bba178876b86bb9,,,,,,,,,,,,,,,,,,,,
0x7bc69f91d394e8e0344a7aa0d0599355413f399f,,,,,,,,,,,,,,,,,,,,
0xaf45524b83fad0a9c21c4bd3b19743151dae7cc1,,,,,,,,,,,,,,,,,,,,
0x1cabc3e62e0527cbe09917f5ca8e6d9999502d82,,,,,,,,,,,,,,,,,,,,
0x7916bda7435256a49284c10acd605d32a0058435,,,,,,,,,,,,,,,,,,,,
0x2c47f3c925041e552d0260039df5c61a15e984f8,,,,,,,,,,,,,,,,,,,,
0xf4db9bd798156b4071f28910aecc35dd9de39e3c,,,,,,,,,,,,,,,,,,,,
0x39f7df7d5b5c46b943881c749cef9645a7148f09,,,,,,,,,,,,,,,,,,,,
0x2145814e43a49844d7f03a4d00fc240c7c8e329b,,,,,,,,,,,,,,,,,,,,
0x291baf6624d885c6393fdfb228afb7563113b2c0,,,,,,,,,,,,,,,,,,,,
0x0e9b063789909565ceda1fba162474405a151e66,,,,,,,,,,,,,,,,,,,,
0x5bfda9c2b452bcb6a1cdaf20c0e1e4529d1b4c47,,,,,,,,,,,,,,,,,,,,
0x12aa861c69909e5c58099c5166973deef6a96bcb,,,,,,,,,,,,,,,,,,,,
0xdd2396b7bb6471096f89f27853b18816cb1c366b,,,,,,,,,,,,,,,,,,,,
0xa34fdae47f0ef4988cd2d1c37a91bb9ac584d4e7,,,,,,,,,,,,,,,,,,,,
0x69155e7ca2e688ccdc247f6c4ddf374b3ae77bd6,,,,,,,,,,,,,,,,,,,,
0x4141813ff4c0787ee9d3dc84a791554d6c4a6264,,,,,,,,,,,,,,,,,,,,
0x808faacb4a502060a73de1f0f4b094eedbc60c08,,,,,,,,,,,,,,,,,,,,
0x4a4d36d9c5980a63fb5797a9247ce31567eb56e3,,,,,,,,,,,,,,,,,,,,
0x607862d6ce729293301fc6b0ace520efe3e24991,,,,,,,,,,,,,,,,,,,,
0xb657f223c374ec1871f2c079706de7f977a0c495,,,,,,,,,,,,,,,,,,,,
0x1d923551108e34c3cd8cfb8c0d0336b38636607d,,,,,,,,,,,,,,,,,,,,
0xa8cfb50e80e7a1db85bb1dddadfa94a4609b42c5,,,,,,,,,,,,,,,,,,,,
0x438351414857001f97bc8ea8c807d9f8bc4a331c,,,,,,,,,,,,,,,,,,,,
0xb317931f32cca74b835bc0095cea0bebacbd79be,,,,,,,,,,,,,,,,,,,,
0xd8265412d8e58c7e83ac00c67ff42df390005c5b,,,,,,,,,,,,,,,,,,,,
0x5ac33f16ac10db83f78c1e9bfa0b078d390856c2,,,,,,,,,,,,,,,,,,,,
0x16a5913c094cb0d3462b72a283b205b66fe21ddc,,,,,,,,,,,,,,,,,,,,
0x4980fb6fadbcf5a208361dd48c8f55767b9a8293,,,,,,,,,,,,,,,,,,,,
0xce3f17ff0f62bc9b2e27c64ed9b6838828ac73ba,,,,,,,,,,,,,,,,,,,,
0x841ad0abab2d33520ca236a2f5d8b038addc12ba,,,,,,,,,,,,,,,,,,,,
0xd131f1bcdd547e067af447dd3c36c99d6be9fdeb,,,,,,,,,,,,,,,,,,,,
0xeafcb5b9f0be74296d89182c9915117e59882f2a,,,,,,,,,,,,,,,,,,,,
0xa170332cfcacdfd1bdb2f1a2a8688e20b199fb0a,,,,,,,,,,,,,,,,,,,,
0xc2e1c4749507c7918b6f2301251da4e21725e933,,,,,,,,,,,,,,,,,,,,
0xcefc41daa1fd38c01c2672604b67859219bef067,,,,,,,,,,,,,,,,,,,,
0xb762c86cd8e1c8a2e564037688b5685a531e18f2,,,,,,,,,,,,,,,,,,,,
0x000fa0d9110d77050a4718f17c72b974c36750c9,,,,,,,,,,,,,,,,,,,,
0x1e6f92528833102e54f6afbe7ed6bdb2592bd731,,,,,,,,,,,,,,,,,,,,
0x8162bca53b1cec1dfbf224083a1f039b80a6d568,,,,,,,,,,,,,,,,,,,,
0x35ae4a1d9c39d077f7a27293123ccf00519414b1,,,,,,,,,,,,,,,,,,,,
0x9d2897d8a487770e906f9f1360bb884680557db0,,,,,,,,,,,,,,,,,,,,
0x573c4364a831cba7f06e08248c9cf7435bbaa3e4,,,,,,,,,,,,,,,,,,,,
0x78a9545ed8209d588393dfb480c6579fbebcc709,,,,,,,,,,,,,,,,,,,,
0x683306052fcbd474fdc754d13e00866276d3e3e1,,,,,,,,,,,,,,,,,,,,
0x230b04b15c8c0ef69bafbc432e6a487a0d4c8059,,,,,,,,,,,,,,,,,,,,
0x442f7980dbf32cae7c8e5bf11af0f252f5bbee5b,,,,,,,,,,,,,,,,,,,,
0xbe6660fbe96b61b72bf35ffab40eb2ca886a7f85,,,,,,,,,,,,,,,,,,,,
0xadf03f2daeccfddd8624ef1603cbfd70e262fd6b,,,,,,,,,,,,,,,,,,,,
0x520e2b48a5c92164afe5535e0a7484f9bb5437e5,,,,,,,,,,,,,,,,,,,,
0x8d1f338f8abd714fd09ec13c100a0d7df693cd5d,,,,,,,,,,,,,,,,,,,,
0x3da0b023110b73b50d1ac5eddf4d381102cb78b5,,,,,,,,,,,,,,,,,,,,
0x828126732a4c2f9a712f8c056f2360f5db078a81,,,,,,,,,,,,,,,,,,,,
0x94109b35fee4c92489beb6d14a973873fa39f3ec,,,,,,,,,,,,,,,,,,,,
0x430658d998ca27fd53c86442064661243d993de0,,,,,,,,,,,,,,,,,,,,
0x12c2f47386a0273b4f97f7f9ca089f04371213c9,,,,,,,,,,,,,,,,,,,,
0x7030b1f0e394a0238e8000eb24206530664d092c,,,,,,,,,,,,,,,,,,,,
0xb001373b6f8d09af6560fb689aa5f3463f9709e1,,,,,,,,,,,,,,,,,,,,
0xae21a3b475a5e6cdccf389ed81530e1ee3da6464,,,,,,,,,,,,,,,,,,,,
0xfb41cca503bc342b8b84e88c138f00e7180301cb,,,,,,,,,,,,,,,,,,,,
0x6b8dc4e0f9da423f7ecfd1a62edb0cf35389a38f,,,,,,,,,,,,,,,,,,,,
0x736eb9ea6e34cf165b79507fe6cb1dc04ddb5f42,,,,,,,,,,,,,,,,,,,,
0xae80fdcc486e493ef3d5be81ec1bdc6c492c25e3,,,,,,,,,,,,,,,,,,,,
0xcd06009d0b4a024ee0ab780ddcab6922c6faee0b,,,,,,,,,,,,,,,,,,,,
0x55de0b949d572b9976beca60a34778fe1d3c4761,,,,,,,,,,,,,,,,,,,,
0x736ed70a9059978a9c7733cd65e780f0c7bd162c,,,,,,,,,,,,,,,,,,,,
0x138a87c80d1659aee5e729221ca4872f51b2937d,,,,,,,,,,,,,,,,,,,,
0x29df6256982f302ab2972a70c6eba6ed90b220e7,,,,,,,,,,,,,,,,,,,,
0x29beee77d7b4f5a997f93405d4d082cd2e21bda7,,,,,,,,,,,,,,,,,,,,
0x1841aa56deba1e83425791fbe827b0d6ffb03e10,,,,,,,,,,,,,,,,,,,,
0xba8d6600f02cd4abd93ec63eb99463a18ac75004,,,,,,,,,,,,,,,,,,,,
0x203d91767caa5461d747f098735e117233135777,,,,,,,,,,,,,,,,,,,,
0x5768dc78d3522d4b5a4260022ce0d7a5dab7e694,,,,,,,,,,,,,,,,,,,,
0x3d460f28d48061b3bf1353b96c4ba56011ad1fdc,,,,,,,,,,,,,,,,,,,,
0x76f980cfe17d4ff3e3f9ddce2129c17e55a1091d,,,,,,,,,,,,,,,,,,,,
0xb69e74324bc030f1b5409236efa461496d439116,,,,,,,,,,,,,,,,,,,,
0x5e156540978a1f1ef032976f77d5d273ca83ace7,,,,,,,,,,,,,,,,,,,,
0x864464205dcaf22716e439392acca4b0e2945de6,,,,,,,,,,,,,,,,,,,,
0x2e424c44266713c829b76f34171660b98e8f74ed,,,,,,,,,,,,,,,,,,,,
0xab41b811277dc4d6b12191a00a56f6de45eae828,,,,,,,,,,,,,,,,,,,,
0x072e476dffe176a747beaf1758e82c0eb65597f9,,,,,,,,,,,,,,,,,,,,
0xa5690ab8245a4270728cbf7e05a9114cd3c544df,,,,,,,,,,,,,,,,,,,,
0x02c523a8a66dfdc5f01be54f269d9da601c1229a,,,,,,,,,,,,,,,,,,,,
0x5257b4051fd4cc5dcda62542c8bf4fd483752a01,,,,,,,,,,,,,,,,,,,,
0x2a0b6e68b2b282a80e4f4c4ae24db79792ea5fc4,,,,,,,,,,,,,,,,,,,,
0xabccf31a5d141ff9922654bada7b415a5740b24e,,,,,,,,,,,,,,,,,,,,
0x9d52539b1e5b4c9b8b7d0ac93181621645dcb4ce,,,,,,,,,,,,,,,,,,,,
0x62e7558d89d41dd805fc7f4929e090c890ef12b0,,,,,,,,,,,,,,,,,,,,
0xf61374972c0a7805b6bd880123c0047dbbf140c9,,,,,,,,,,,,,,,,,,,,
0x95fd802525f3d979e989dbe3e7b11be6b403bcec,,,,,,,,,,,,,,,,,,,,
0xc529f8b3ba2b9ffc16c00f108780e91e752d8567,,,,,,,,,,,,,,,,,,,,
0x09208b7ba6105a509f1ff370a612441525877acb,,,,,,,,,,,,,,,,,,,,
0xf281af2acc706d553e0e9f0931cde12ac51a4eb7,,,,,,,,,,,,,,,,,,,,
0xf4af369c5c069e26b8b03be361cfca2892c1cf07,,,,,,,,,,,,,,,,,,,,
0x88b8dd3e10788b48314567f512cd3180716f8d5d,,,,,,,,,,,,,,,,,,,,
0x71fa43f5fe03fffb1219b40a44f38f1ae1c06d47,,,,,,,,,,,,,,,,,,,,
0xb24b961c30f5a4a0f599513c52b790c2b369d7e0,,,,,,,,,,,,,,,,,,,,
0x020ee2b3876d33ede0d7c751a3a4593cab11b90b,,,,,,,,,,,,,,,,,,,,
0x3e1855b28db05801e7211f27e6e4cd3738084cbe,,,,,,,,,,,,,,,,,,,,
0x75060d4a14735b4a416a26e3d5e64201590da701,,,,,,,,,,,,,,,,,,,,
0x234e63ecab550d8e600f0909544fc75f430cf1dd,,,,,,,,,,,,,,,,,,,,
0xf95dfb129223ae03dc8121b16ee8c872db8d396d,,,,,,,,,,,,,,,,,,,,
0xf43f24247cdcc00f999b29aec62ea4037894ab00,,,,,,,,,,,,,,,,,,,,
0xf7fff4bbd506f4994738c5c8c86a409fca929e5b,,,,,,,,,,,,,,,,,,,,
0x202cb0495806a6badf4598134f84f634dd3bce4b,,,,,,,,,,,,,,,,,,,,
0xd2f425a16e841f5616e9f869b4288e46ace313de,,,,,,,,,,,,,,,,,,,,
0x427d7f19cdbc7dffd0551ff9985307719492f226,,,,,,,,,,,,,,,,,,,,
0x9fb7563a1969f034e8feb83e499c967d31538e86,,,,,,,,,,,,,,,,,,,,
0xcbf9fd96c81823bf23e3e2f51caba189f29104f3,,,,,,,,,,,,,,,,,,,,
0x49ae4aa98640aa74334d6fcc5f9bc261b2c48482,,,,,,,,,,,,,,,,,,,,
0xd0886275a97757676f051b29d3b636badcb1acb5,,,,,,,,,,,,,,,,,,,,
0x082cdb957d0ef9ae865e71f0fbbc5d7e0aba6e8c,,,,,,,,,,,,,,,,,,,,
0x266819e6c2bc359eef9f2f850e3701f56a16e8f7,,,,,,,,,,,,,,,,,,,,
0x1d1ec8969bd49833b6512483a75c62fa98621e8b,,,,,,,,,,,,,,,,,,,,
0xbbe6b6050dc3457af4fc0c422f1cd42993d2a767,,,,,,,,,,,,,,,,,,,,
0x6bb275953d6297261386a8eac44db37e8f278ebf,,,,,,,,,,,,,,,,,,,,
0x102bdef09bb989e52e362834e7c556fcd8854ed2,,,,,,,,,,,,,,,,,,,,
0x646785852122c618cb2bb1a0aada44f1795d5a4c,,,,,,,,,,,,,,,,,,,,
0x0e551a523bd88f3815a5d4cc6231fbd513b28b9a,,,,,,,,,,,,,,,,,,,,
0xafd9c0553365a7eacff1c60d538807cf1f84c8de,,,,,,,,,,,,,,,,,,,,
0xabcaec399a891ed703d3b6889d0f385b5df135dc,,,,,,,,,,,,,,,,,,,,
0x56eac0baf81dcab4b302c8008ec95b466f0664af,,,,,,,,,,,,,,,,,,,,
0xef50fee0c8861f3a022ee7a1f61bb11b6c5a1fd8,,,,,,,,,,,,,,,,,,,,
0x4581b0c0d0d6db8bf970e93d6baa004f0254d6fb,,,,,,,,,,,,,,,,,,,,
0x936b6f04003db46b2081c27a2e8c1c694109d8cb,,,,,,,,,,,,,,,,,,,,
0xe23507db4351cd60067a8f2d328328bd9fa8df34,,,,,,,,,,,,,,,,,,,,
0xb04ae4af86f2f968f0a8a7a567c6a728fb1831ab,,,,,,,,,,,,,,,,,,,,
0xbe5e3d9dcbfd29eb9b3764ea2d3d21e9f201b95f,,,,,,,,,,,,,,,,,,,,
0xeb11e3f0e364eba7b0c785c1094aa1f959069f9a,,,,,,,,,,,,,,,,,,,,
0xacd54246eda0c5638a247c4717a8782c21497eb6,,,,,,,,,,,,,,,,,,,,
0x8564a2f2cd4c831f50f599e5f5f2cf397cd7762f,,,,,,,,,,,,,,,,,,,,
0x384a78e01e793fa3281461eb5e658b86fe1b6480,,,,,,,,,,,,,,,,,,,,
0x6a84ce15661c53021a420a2579d8ceeb2723221f,,,,,,,,,,,,,,,,,,,,
0x4c142df6247a6bf8e6de6925a64a7e6293819074,,,,,,,,,,,,,,,,,,,,
0x6b73f2b5ddf22a3e190893bbd83e2f0a882a7dac,,,,,,,,,,,,,,,,,,,,
0xed35430c91949e8e7cc9a35044f4b53046020d2e,,,,,,,,,,,,,,,,,,,,
0x0c59743ae50dccb173fcac0ca0fca0ab5a92c66a,,,,,,,,,,,,,,,,,,,,
0xb3a25a477c97f8ae2d9c52b7acfbe2c8e259d5d9,,,,,,,,,,,,,,,,,,,,
0x4521cdba20e3c1f98a148189b21151c26307a63e,,,,,,,,,,,,,,,,,,,,
0xd965153c9f05a2b9c0b9fefb6ca36202242b5fad,,,,,,,,,,,,,,,,,,,,
0x6208b0538ee2fe4849bc6181131eed5d1b72b1e5,,,,,,,,,,,,,,,,,,,,
0xca9ffdd3621c38f4d6570afa56d2d8fc8fae85e2,,,,,,,,,,,,,,,,,,,,
0x3021a59f56cae360183c40965d7059a4a73a7ba7,,,,,,,,,,,,,,,,,,,,
0x09b18a094833102390750c893c8528d604ecdd62,,,,,,,,,,,,,,,,,,,,
0x29f8d48adc6328891b45100064738a9f3c7860f0,,,,,,,,,,,,,,,,,,,,
0xd7a14825d815d200d20b9681e4b07c6ce9d863cb,,,,,,,,,,,,,,,,,,,,
0xe20934187f8ebdc92a1342323b934911022db30e,,,,,,,,,,,,,,,,,,,,
0xc02b01c7b217420a8041d14cf4da712269f7eb93,,,,,,,,,,,,,,,,,,,,
0xe376d5df6bee5863b772f3ab11b81feb0b3ebdf0,,,,,,,,,,,,,,,,,,,,
0x9e242abbe816ad940c436c298668a03abe957eba,,,,,,,,,,,,,,,,,,,,
0x1772ef83b2279a672154476c8facd9f2196d8dee,,,,,,,,,,,,,,,,,,,,
0x4cd34f7ea5412cfdcf382139786b44eb63617701,,,,,,,,,,,,,,,,,,,,
0xa5d4dbbc18091cb4a43e31c773ae9b5383d5aef4,,,,,,,,,,,,,,,,,,,,
0x3489098656009933551426796894c51d52d9ee1f,,,,,,,,,,,,,,,,,,,,
0x2ead427f882e77d50f65091271956d4f5b41f543,,,,,,,,,,,,,,,,,,,,
0x684ba8c4228e93bf8528c21c6827d8bcf0bb9adf,,,,,,,,,,,,,,,,,,,,
0x0ad1aa090893894b7f3378189e2b401d6338f32e,,,,,,,,,,,,,,,,,,,,
0x2583a4800a676dad86240b2d6aeedf618c6a2fdd,,,,,,,,,,,,,,,,,,,,
0x4f49c34759b7e888ce77de9dd34fec63d63495cc,,,,,,,,,,,,,,,,,,,,
0x3c7ed4785f3d50afc1b1f27c28a339e367fb001b,,,,,,,,,,,,,,,,,,,,
0x12734f36e365ed769b16b4157e26b9ee7180e8ca,,,,,,,,,,,,,,,,,,,,
0xa1cdcfb9c90a745868a2c3a9866f1929f07e7821,,,,,,,,,,,,,,,,,,,,
0x43e74c3349798b4a50b5d23dcb43b3a400ac830b,,,,,,,,,,,,,,,,,,,,
0x6ec76ede91c060d69cdeb49b7fdac4d2943d9501,,,,,,,,,,,,,,,,,,,,
0x7d4588c83df708008e5c3f3ece3682e266ff1cc1,,,,,,,,,,,,,,,,,,,,
0x7dc50796fc2723f7cb74b4bd1c237ff942a65552,,,,,,,,,,,,,,,,,,,,
0xa42eab5b63ebfae8fefe7cc42a6d2e2593f48b3b,,,,,,,,,,,,,,,,,,,,
0x445174f0e6b0e29231311d0d6d660544cd514568,,,,,,,,,,,,,,,,,,,,
0x1eafd88348aa57ade263ed196e41cc332aab55d0,,,,,,,,,,,,,,,,,,,,
0x18cd6c94e3ea483b8250f9ce4a941134d04da577,,,,,,,,,,,,,,,,,,,,
0x6198a21292308ce287eb9e36e273c1773c5ca888,,,,,,,,,,,,,,,,,,,,
0x81e877dd467f65b79aff559a8fafed6e95f01ad8,,,,,,,,,,,,,,,,,,,,
0xf196836b53e8f03e32f5186c7909acbb8b742615,,,,,,,,,,,,,,,,,,,,
0x119a849400dd8b61c8ab8995cb37af32dbbd2d8b,,,,,,,,,,,,,,,,,,,,
0xb8569a63435b283c0be0312b06084d09c91c0512,,,,,,,,,,,,,,,,,,,,
0xfed741e989cf63f482ed6b8ec811c09f608595fe,,,,,,,,,,,,,,,,,,,,
0x3ad0f57f006b5a060d4631df7a996d7a188d9452,,,,,,,,,,,,,,,,,,,,
0x7d3e5dd617eaf4a3d42ea550c41097086605c4af,,,,,,,,,,,,,,,,,,,,
0xb9b93bf2db3678b010e71ef701d763aee144e93e,,,,,,,,,,,,,,,,,,,,
0xdcad95c9894d80fb30817f59e7619fd9128f64d1,,,,,,,,,,,,,,,,,,,,
0x3d0db72eb8d80bc016698f1bc19aea2443f75252,,,,,,,,,,,,,,,,,,,,
0x577f998446b879f8f12e914e819e21bdc818d07d,,,,,,,,,,,,,,,,,,,,
0x529656620d914443405a55ec42ad0eaeaf0b4a2c,,,,,,,,,,,,,,,,,,,,
0x4f2a4243607f274301017acdc2a5185ec5a79cb0,,,,,,,,,,,,,,,,,,,,
0xb89d20fe34e5a198db42842bc83e784f53ecd929,,,,,,,,,,,,,,,,,,,,
0x4fa4320111b5442d54e2a89e150e3a58d646ee1d,,,,,,,,,,,,,,,,,,,,
0xe55535edc9b84b4955aa42f59dbbcb168e277e27,,,,,,,,,,,,,,,,,,,,
0x62065c3a27346f2406790ac2b20c10b46ba57b72,,,,,,,,,,,,,,,,,,,,
0x08f52a76464b3b839e0aa3a2f441fa09efaeb9e8,,,,,,,,,,,,,,,,,,,,
0xc34d931cc6290dae177a6fc645db444a132a442f,,,,,,,,,,,,,,,,,,,,
0x9268f024591b7fc90d1558328fb6cc7881f24eee,,,,,,,,,,,,,,,,,,,,
0x16fe7371b4339ca29974c341072a94b6a8eb4773,,,,,,,,,,,,,,,,,,,,
0x49700d7336aa3da54bbc5f6a10170426a0496653,,,,,,,,,,,,,,,,,,,,
0xaf72e36d1d16ae80b6811a99909cb92396d18777,,,,,,,,,,,,,,,,,,,,
0xe6ec7f3155bf378a24b93677eff2ccf05def231d,,,,,,,,,,,,,,,,,,,,
0x513b4fb84df4f8e05c05cdcbbb8d04c482ec0b4b,,,,,,,,,,,,,,,,,,,,
0xce436e5b28918df04ed04d14b06081797e31ed77,,,,,,,,,,,,,,,,,,,,
0x61f4f2e7f9f1ea9a5d8e47b6307f7c1bd2e942f7,,,,,,,,,,,,,,,,,,,,
0xcd1ff54458fcf47a90d57b546dd6e09a2a8cf561,,,,,,,,,,,,,,,,,,,,
0xe0279b1532c9f5de97cc2ce5f47f8b8a5761265f,,,,,,,,,,,,,,,,,,,,
0xded77410241c3bcc3997c1f92ad622b9eacb2c6d,,,,,,,,,,,,,,,,,,,,
0xebc02d34bc82e0e20dd77f7de6d492e0b6995daf,,,,,,,,,,,,,,,,,,,,
0x3008087707330e3b85d61b6972934121aed8e6e1,,,,,,,,,,,,,,,,,,,,
0x11b0030ac9906bb242dd2bfbe11a3ba3394e089f,,,,,,,,,,,,,,,,,,,,
0xf059b59bdbec91d83c558b4a3cd3c1c6e275f2f1,,,,,,,,,,,,,,,,,,,,
0x27b00d26a9c5a2dec93aea369c499be74b2ac8ff,,,,,,,,,,,,,,,,,,,,
0x12cb4ca94136b6e8fb11636c55f47d0885f3dc64,,,,,,,,,,,,,,,,,,,,
0x2ba1d521595c5b31b177fd5263f8b002f570e92a,,,,,,,,,,,,,,,,,,,,
0xa41c7df6ad3d886b436a54621c1385c6ca51970e,,,,,,,,,,,,,,,,,,,,
0x4f4b4bf57b647f350e23eff0ab53de7af74f6a24,,,,,,,,,,,,,,,,,,,,
0x51195454da5e19af7e11370ddd85d91383e70904,,,,,,,,,,,,,,,,,,,,
0x4168763e5db9684bf2b450f2f4813db640dd5953,,,,,,,,,,,,,,,,,,,,
0xcfbd6266610af1fc1c0f75477358a4cf5bc1ad84,,,,,,,,,,,,,,,,,,,,
0x5cfe3a15c0f55b8c087d5063258a49e20784de8e,,,,,,,,,,,,,,,,,,,,
0xbe0a3270d7d5ac7a94179ca1375f350407d2dfe8,,,,,,,,,,,,,,,,,,,,
0xf66451f6e18de4de0174eecc7f3773ac0f2f8165,,,,,,,,,,,,,,,,,,,,
0x130ec42c765d51e196740376d4654ab28f50e217,,,,,,,,,,,,,,,,,,,,
0xeaceac3fe9b210724d19f151ffdba42c072333f6,,,,,,,,,,,,,,,,,,,,
0x46341dacc5ed08532d299c1564deab92a87a15e0,,,,,,,,,,,,,,,,,,,,
0xa4a45767a697384f685a916e17b1e35e37314540,,,,,,,,,,,,,,,,,,,,
0xebacc96ea6449db03732e11f807188e4e57cca97,,,,,,,,,,,,,,,,,,,,
0xc4bb7e8b4249b15fff6165e4b67026b81ac41d92,,,,,,,,,,,,,,,,,,,,
0x0e4e583eaaafd1d57e883ec6cbdb4915b3c31410,,,,,,,,,,,,,,,,,,,,
0xca98a7db93e53aa7381461f728a481a941a590b5,,,,,,,,,,,,,,,,,,,,
0x78ec7e48f3914b3c529a72e3a20275621ade8a80,,,,,,,,,,,,,,,,,,,,
0x795dea9077e8b8fd9a95d982147404a1452bbb9d,,,,,,,,,,,,,,,,,,,,
0x1cc42446804338f73c9cba99b5a0e0a695fe1074,,,,,,,,,,,,,,,,,,,,
0xf813dc7c8706df2a9c3d9453346538cd6b3b2243,,,,,,,,,,,,,,,,,,,,
0x258b3859bd1ec183e1cb0d124590894a0dcf85a4,,,,,,,,,,,,,,,,,,,,
0xb347c7c7c3f9a3c12471d6e5e237edb7c4b3868c,,,,,,,,,,,,,,,,,,,,
0x31e00656ea570a88ad311e67e2d3c6577f5f10bf,,,,,,,,,,,,,,,,,,,,
0x196a44d1059e4ea9a528b3720efbd969cb0bd6cd,,,,,,,,,,,,,,,,,,,,
0x09a3a850a138dace342c79fc14f489e3c5269992,,,,,,,,,,,,,,,,,,,,
0x903cbfdb0a89e65c88aa93ed81e450c4ded51639,,,,,,,,,,,,,,,,,,,,
0x8eb87ce1a26e2b166903d0016bfb8fc9d7723fb5,,,,,,,,,,,,,,,,,,,,
0xf119ce857f64f8562744812ded167d9587665329,,,,,,,,,,,,,,,,,,,,
0x28e60fd30536ae13156232f8920af8d7862da5a1,,,,,,,,,,,,,,,,,,,,
0x8ec7d29945752ff10c0b0f8e082392cf9ae4c1d1,,,,,,,,,,,,,,,,,,,,
0xe077317c204bc995d556d9376f1adf048b512729,,,,,,,,,,,,,,,,,,,,
0x2895ff2286a610fe63c6412fcf2d46127439fa68,,,,,,,,,,,,,,,,,,,,
0x6f5b35781bd45d15f4153c8a96a2ca5172c0d2b4,,,,,,,,,,,,,,,,,,,,
0x20fa4d538b5c809a0a8d39a6853aaed5b1622ca0,,,,,,,,,,,,,,,,,,,,
0x23721165ae783cb57a043dc27b6230de9344c4a5,,,,,,,,,,,,,,,,,,,,
0xe62ef24d033a593e8b0cc6cb9932aee4bed9d1d8,,,,,,,,,,,,,,,,,,,,
0x9a19c154faab5fb600f4b4a28c5a15302fc4cec6,,,,,,,,,,,,,,,,,,,,
0x1fd9053c40351e83aed0d7b1fd7ef3d5ccf13a39,,,,,,,,,,,,,,,,,,,,
0x49bdea09e06cf02875fc74c8824187458f40f22c,,,,,,,,,,,,,,,,,,,,
0x078a0b6d78d6fa119655fe6a1b7c02fc9dc7ff73,,,,,,,,,,,,,,,,,,,,
0x228b1e6e41189f3a66a8e4e088d3bba9ab5de5fa,,,,,,,,,,,,,,,,,,,,
0x5b0254bd9dc7cffcfdfbed999f6390ab2ac3811b,,,,,,,,,,,,,,,,,,,,
0xf9e1d1e9f22c96752356adfd377231528c7e851e,,,,,,,,,,,,,,,,,,,,
0x902fc38af709401a7cf604b333bbcde86499528f,,,,,,,,,,,,,,,,,,,,
0x40db8365d1252bcb06598927698238a99d39228e,,,,,,,,,,,,,,,,,,,,
0x0e4cb1ca39313a34b92ce39ba78748f7edd71e15,,,,,,,,,,,,,,,,,,,,
0x311d85da0c2f2b685aae66a7ff54bf8ee9c8277a,,,,,,,,,,,,,,,,,,,,
0xbd1691e270485d152eb2f9f75b7c8ff4595eec2f,,,,,,,,,,,,,,,,,,,,
0xd1a5b91957530e1b3e9cfac1543467c60c352f69,,,,,,,,,,,,,,,,,,,,
0x272034ff890c1cdd59606afc50798459694e1968,,,,,,,,,,,,,,,,,,,,
0x7a0fb632f86a8c8236ac8960b3a9cada3e7e0b30,,,,,,,,,,,,,,,,,,,,
0xe9083f89f6c7f7a4006441b73e6c3e05f25de81f,,,,,,,,,,,,,,,,,,,,
0x42e879f99bc5040703249ef84f6aa4f3e2d1bbdc,,,,,,,,,,,,,,,,,,,,
0xd1a0b66835d830e9ada42eef436f3aa8005b20b5,,,,,,,,,,,,,,,,,,,,
0x66d071a20d7942767739bbca130e08e4848d12bc,,,,,,,,,,,,,,,,,,,,
0x6c73d98bf5d0e92b2a9fbbe74d0bfc8dd157b9ee,,,,,,,,,,,,,,,,,,,,
0xa7464f463d4885ff7e90e815b013419d7efa9863,,,,,,,,,,,,,,,,,,,,
0x0aef98c202fc78fff76099193eab59e9bdad5679,,,,,,,,,,,,,,,,,,,,
0x536f27fde152b20551a3ff818864b3d9a42159f1,,,,,,,,,,,,,,,,,,,,
0xf5f61157f3c13e4bbc5c42e75ae80946b72de83f,,,,,,,,,,,,,,,,,,,,
0x104d86705c46e9422b803af522b43809f1c8e4e9,,,,,,,,,,,,,,,,,,,,
0xf3a019d2f83d311bcda86e380fbb36041ecfff64,,,,,,,,,,,,,,,,,,,,
0xc88533351059765f165a3b51f1a5d2b8dfec3c08,,,,,,,,,,,,,,,,,,,,
0x3fe2e08a1f7766606574a91a5cfaf3342d023947,,,,,,,,,,,,,,,,,,,,
0x5ef2cc4726691f9b39183579dc9d0ad3b2e7ca0a,,,,,,,,,,,,,,,,,,,,
0x61a0b15c1f183847227ca084889c7f70689df5b3,,,,,,,,,,,,,,,,,,,,
0xa975e551c3eacf89ab96420dbb1b63947f1bc282,,,,,,,,,,,,,,,,,,,,
0x99960cfe2cbcb3ee9227c6abc428039a4b3fb77a,,,,,,,,,,,,,,,,,,,,
0x59455ba3d00bb8cbead8fe6db3973210e49d4303,,,,,,,,,,,,,,,,,,,,
0x7035f0506e5fd9d8f0d6d278c4eeec25a131d11f,,,,,,,,,,,,,,,,,,,,
0xb05611a3bfedb66fe7b3096a0293c3e7167da519,,,,,,,,,,,,,,,,,,,,
0xe0d7d00bd5261c9e97094ed4d1108937f039bbf6,,,,,,,,,,,,,,,,,,,,
0x122c5aadbaf7f4ad2a6a3e6e3c1c46a2797fa3a3,,,,,,,,,,,,,,,,,,,,
0x674ffe523f7e72cd4a6d8b0b1a63086ac9c88da4,,,,,,,,,,,,,,,,,,,,
0x827b4277ced13f7ecd6d37cc214c26bc6ba1d76b,,,,,,,,,,,,,,,,,,,,
0x63ea1e5dc7976e6b505a2db2fd900fc76ba06c1a,,,,,,,,,,,,,,,,,,,,
0x93c946c90378dab4c82b30b65013e73543489909,,,,,,,,,,,,,,,,,,,,
0x7798ba9512b5a684c12e31518923ea4221a41fb9,,,,,,,,,,,,,,,,,,,,
0xe2625945de96bff7a9171f869710b1755a48e793,,,,,,,,,,,,,,,,,,,,
0x643a683ab413497fcf696c735c14362dba9d9c86,,,,,,,,,,,,,,,,,,,,
0x228213456e528d9d52afb5ea7c4c61fb102be73b,,,,,,,,,,,,,,,,,,,,
0xf25a720bd5561475c4613b3f58f25ed6c806339c,,,,,,,,,,,,,,,,,,,,
0x96b3b9e83961d722b72e36394027cb795413723d,,,,,,,,,,,,,,,,,,,,
0x874fe5bb8f37701c99da3dfc90f38b40600c6153,,,,,,,,,,,,,,,,,,,,
0x29a834471b7f2a38805a5d58185d81ef41d27eb5,,,,,,,,,,,,,,,,,,,,
0x5d9fbd984b9cec714a4b14c38ea83bbc82d06d69,,,,,,,,,,,,,,,,,,,,
0xa890eabc142f55699ce4b0ad194e8474507de333,,,,,,,,,,,,,,,,,,,,
0x66ab40d4915b06c10233cd8cac4b350b05a28f01,,,,,,,,,,,,,,,,,,,,
0xc65b67e6f685d43f4f8908ab5edd031881bb395b,,,,,,,,,,,,,,,,,,,,
0x583bbada56bb535bcbb31877a620a6ff2a25cea5,,,,,,,,,,,,,,,,,,,,
0xb33245bd4b5be7c99059539bbc5aec8b723ac4b7,,,,,,,,,,,,,,,,,,,,
0xdd16f14aa9226e7ecc456f8b52427f92eb7b84ee,,,,,,,,,,,,,,,,,,,,
0x7cb41157a841509e65b61404ecc7a045f68babe2,,,,,,,,,,,,,,,,,,,,
0xf8e016d50e75c32de1f6aeab8395c96c4c76f9c1,,,,,,,,,,,,,,,,,,,,
0xbea192a9f11c469c7fc70107a3f4e4711cb9b8d4,,,,,,,,,,,,,,,,,,,,
0xd0b482602f674156c5ef41d8be630ac37f4eef86,,,,,,,,,,,,,,,,,,,,
0x958981dd45e57f61d8073442b25947b34024267c,,,,,,,,,,,,,,,,,,,,
0x4fa252d4eff26dbfda5815aa6fb08870cbb8ab2a,,,,,,,,,,,,,,,,,,,,
0x6d23d81a9054999796e327d07a0cd3364f1fbff8,,,,,,,,,,,,,,,,,,,,
0x1d19da85322c5f14201be546c326e0e6f521b6e6,,,,,,,,,,,,,,,,,,,,
0x2b17060efa8592a5a0c598c447465add3197664b,,,,,,,,,,,,,,,,,,,,
0xf71f50ad3d8e6c48cc15e7ec29a62a0a9e17be65,,,,,,,,,,,,,,,,,,,,
0x4cd22010c0545a0e8b578641f9c9a2bd162f5171,,,,,,,,,,,,,,,,,,,,
0x71f3e0912dcb820177680e24d50733333b3020e7,,,,,,,,,,,,,,,,,,,,
0x0832569b546e04a711f8f3477fa92ec4a453c156,,,,,,,,,,,,,,,,,,,,
0xcb179c551f4f61b3f4a1369b321a4d33537e3606,,,,,,,,,,,,,,,,,,,,
0xb9c03ef29f09f9c7bbc6c9276523d8aa5d4dcb0a,,,,,,,,,,,,,,,,,,,,
0x6a06a174135e13cfe2827f019e95129e0f00c9ec,,,,,,,,,,,,,,,,,,,,
0x2cb42177817b2bdaea01b8cb875e8d5d56192274,,,,,,,,,,,,,,,,,,,,
0x062a07cbf4848fda67292a96a5e02c97e402233f,,,,,,,,,,,,,,,,,,,,
0xe23327807c9c1e47bd0145e5b35c19fe482ca9e5,,,,,,,,,,,,,,,,,,,,
0x10fefdf79261b9d5ef22adff9caedfe9b8c86694,,,,,,,,,,,,,,,,,,,,
0x5f7fc42a360aa762728e6ff7160a9d5dc3da17cb,,,,,,,,,,,,,,,,,,,,
0xf586a2940180725ebe8f411824b0ab6fa589ed60,,,,,,,,,,,,,,,,,,,,
0x90f6ac3c9cde47c63b3891292f9e70b7e85b21f0,,,,,,,,,,,,,,,,,,,,
0x2a9804e8a97135ee93d16d35f65a640fbb7ec379,,,,,,,,,,,,,,,,,,,,
0x5012a077e38a65b999388c5c89f18dbd21b45403,,,,,,,,,,,,,,,,,,,,
0xdf701bf17bb51718fb0a353be0168d80feb99deb,,,,,,,,,,,,,,,,,,,,
0xa8c24d44021c787843fee6439ee799f8987a221f,,,,,,,,,,,,,,,,,,,,
0x3af34d142463a6620df95633c48fe7810909b870,,,,,,,,,,,,,,,,,,,,
0x122c788e60cbc02dc8949a703c6212f72a8683e6,,,,,,,,,,,,,,,,,,,,
0xd71c74e0f39dcce25e3e062588667ed11df2ff63,,,,,,,,,,,,,,,,,,,,
0x7194656bee4cc1ca0a9cb47cdf7590f5ab9fcda0,,,,,,,,,,,,,,,,,,,,
0xeb497d7d6aed87a1dcc36d6d0aa9ab31b288c643,,,,,,,,,,,,,,,,,,,,
0xd4bd16f0440956fc78e479d6a125db5635ede553,,,,,,,,,,,,,,,,,,,,
0xbe6df7e2747338ece1addc6bfc68aa92041dbe13,,,,,,,,,,,,,,,,,,,,
0x50b0df6ed2c11bbbcefd446e92b28dc635f3d8cc,,,,,,,,,,,,,,,,,,,,
0xe51e5e497dfba7bb77ead4043ea9c6741b916c8e,,,,,,,,,,,,,,,,,,,,
0x5fa02db3c097adcd5dc77cfc4cdb7c2e70c0055f,,,,,,,,,,,,,,,,,,,,
0xe6b5a31d8bb53d2c769864ac137fe25f4989f1fd,,,,,,,,,,,,,,,,,,,,
0x350cef1ada280e63fb62bba4952abc7c98ac215c,,,,,,,,,,,,,,,,,,,,
0xa69517845f6dc730ef032f6a7d6dadc551282a3b,,,,,,,,,,,,,,,,,,,,
0x6214e9bdeccd46f52074b5a0ae5d09cfd43cd6a9,,,,,,,,,,,,,,,,,,,,
0x63bd700c917429b01f15f8447f679587bab1cb9c,,,,,,,,,,,,,,,,,,,,
0x57e324756b28b2dbb07e26a4af0855e48fe1638d,,,,,,,,,,,,,,,,,,,,
0x9600efaba54b053d1bf8fa3f1bae9bce656a2a6c,,,,,,,,,,,,,,,,,,,,
0xfcea11fea318a68bd40af61d23f188fd5662c04d,,,,,,,,,,,,,,,,,,,,
0x0e5f1fb9cef34a4ad3a03eaf482429e23676921f,,,,,,,,,,,,,,,,,,,,
0x581b5ce955e394d8dc1a98069fe8ef72c6effa57,,,,,,,,,,,,,,,,,,,,
0x895ea5c14e3f46d5718aa9f74b76f7e127e1b3c6,,,,,,,,,,,,,,,,,,,,
0xfc427d3112ccef24dce7fda59238aceca2b8105a,,,,,,,,,,,,,,,,,,,,
0xd23882318d41acb7ec6cc464f232013c4e62d2a6,,,,,,,,,,,,,,,,,,,,
0xc2d12b32a1994b9ecc817487da3c81846c6e8d8e,,,,,,,,,,,,,,,,,,,,
0x2b5a0be5940b63de1eddccca7bd977357e2488ed,,,,,,,,,,,,,,,,,,,,
0xd9b325e4040abdae9ae4bdc31babf9698429aa53,,,,,,,,,,,,,,,,,,,,
0x16c7bd8c8cd59874fdfe3136632ce63cee7a178f,,,,,,,,,,,,,,,,,,,,
0x4ee533b7922b5515531c613e75bfdad220711661,,,,,,,,,,,,,,,,,,,,
0x68af8d0efc161af46860f4e45a7329a2935f00c3,,,,,,,,,,,,,,,,,,,,
0x6598bb8183f835cba7ab19a5ca29a70af5dba281,,,,,,,,,,,,,,,,,,,,
0x980ba0be2e3d03dbebb060d964bd9d188121239c,,,,,,,,,,,,,,,,,,,,
0x3ddb715db3e32140b731af55a7780c94019e5075,,,,,,,,,,,,,,,,,,,,
0xa1905a8d2694be80f864ef4bc62f1fecf0e259f5,,,,,,,,,,,,,,,,,,,,
0x1ca3aa0d0ad5a34daafe372e43e6ca55be3b2d7e,,,,,,,,,,,,,,,,,,,,
0x5e39990708aa96b57b722f85b76f26b9baaa8c4b,,,,,,,,,,,,,,,,,,,,
0x51cf692916b9fbed8eeca57edc139f5e22fde9a0,,,,,,,,,,,,,,,,,,,,
0xa05d50785dfea1a5d3577c9ed9e100e335220804,,,,,,,,,,,,,,,,,,,,
0x0825603f29245384d7d428139b1b8716241b3280,,,,,,,,,,,,,,,,,,,,
0x31ce47832012aa76214d24a57b653803a15aaf84,,,,,,,,,,,,,,,,,,,,
0x32f77c924d54d3e62ae71e7128632b90e4d4517a,,,,,,,,,,,,,,,,,,,,
0xe54cca07e754028b0139a97e432c7034fdc46630,,,,,,,,,,,,,,,,,,,,
0xb5e24042bdceb8785e4dfa252c23f1e9aef6db4d,,,,,,,,,,,,,,,,,,,,
0xddf820efed77efdb2b13a379390b6225cac2d168,,,,,,,,,,,,,,,,,,,,
0xa7e709e85985554fc15736cb2c46d9fe7ed1ad88,,,,,,,,,,,,,,,,,,,,
0x89f80508845277300e5bcd612904f7b4bf0d8369,,,,,,,,,,,,,,,,,,,,
0x276a0a46785b497e584ba9036545e67bff475e4a,,,,,,,,,,,,,,,,,,,,
0xfea573ef9d5ed5b470311582c99c103c38c0320f,,,,,,,,,,,,,,,,,,,,
0x15079a02867e9a0fea829ba82e48a0f45fb4f2e5,,,,,,,,,,,,,,,,,,,,
0xadb820fdae518fec6395665ff8338e4cdf0d2983,,,,,,,,,,,,,,,,,,,,
0x886fc3877615256ced983e2bb73388588eae0709,,,,,,,,,,,,,,,,,,,,
0x0000000fb4156b43079e68802e8e042aea3f7ff2,,,,,,,,,,,,,,,,,,,,
0x8b892c6ff409a0cc3c079e47f8e7f4aa3ae8fb70,,,,,,,,,,,,,,,,,,,,
0xd595f0dcd18c2413a0246988d6ef11315d6c73c1,,,,,,,,,,,,,,,,,,,,
0x0101388431270058dd9f08d01e6b4b35f97ad975,,,,,,,,,,,,,,,,,,,,
0xc767bb25506790b5b43ec61d8bc786f76e4e34c5,,,,,,,,,,,,,,,,,,,,
0x966211e4a01e0e479e86f24f9d3209b8cc8a7993,,,,,,,,,,,,,,,,,,,,
0x410651714e33ea6e547dcb1f9b34a3177df0352b,,,,,,,,,,,,,,,,,,,,
0x99e848b9f10efe99708f08342e060550069c8b23,,,,,,,,,,,,,,,,,,,,
0xdde316729507164527bb3add47f7a668fa830db9,,,,,,,,,,,,,,,,,,,,
0x44ba4b15049ef4160c436f17c4c39661fd468850,,,,,,,,,,,,,,,,,,,,
0x026130140c62db7cde93ef1f256102471abd4d74,,,,,,,,,,,,,,,,,,,,
0x7c3c8fbe47462f4c12061c20d077c606bc24ccdb,,,,,,,,,,,,,,,,,,,,
0x39b80624d54f9fc65462c37aca3be8929461937a,,,,,,,,,,,,,,,,,,,,
0x1557ee78ab23f7264366a055ecace48390b5b0c7,,,,,,,,,,,,,,,,,,,,
0xf98d21c6ac788793e7b5ec91dc6b0a7e2917c776,,,,,,,,,,,,,,,,,,,,
0x80bb1d85c24d6cdb13162347d668d22168e60056,,,,,,,,,,,,,,,,,,,,
0xb03197b03dd989863689a35021bb3605b88f86c9,,,,,,,,,,,,,,,,,,,,
0xd24afecef683bb9e35d78e91ed4198ba9e59a233,,,,,,,,,,,,,,,,,,,,
0x3d50280d40cd3f0ab85d6d90523e2f0a915766f0,,,,,,,,,,,,,,,,,,,,
0x9aab7069ac7c9447cbca511f448b36c04be5476e,,,,,,,,,,,,,,,,,,,,
0x08a0293e9947589fa28411d9e789810a74356530,,,,,,,,,,,,,,,,,,,,
0x09b93abca90ec10b8572d257ed691c8f82fc1a3c,,,,,,,,,,,,,,,,,,,,
0xde89c9c2f140b3dcbcbdb8d5a7a011aed2a1f6a8,,,,,,,,,,,,,,,,,,,,
0x01a2b6c749b778053bc81551e23675f0aee641dc,,,,,,,,,,,,,,,,,,,,
0x71387b45bb6ec26212f6293f9457776a0ac8097a,,,,,,,,,,,,,,,,,,,,
0xda3b62c6f1611894e578c908ec90ec2765872088,,,,,,,,,,,,,,,,,,,,
0x242d96508bf41e152739280a822d707d99c9b876,,,,,,,,,,,,,,,,,,,,
0xc1bc64efc56d7dbe2116c93d7cb7aa751c6e1a33,,,,,,,,,,,,,,,,,,,,
0xb1a3eb48091fcfc4edd53745d4afb1763f004b88,,,,,,,,,,,,,,,,,,,,
0xaebaea3a77e0fa4784654b32c5d49370e742c93c,,,,,,,,,,,,,,,,,,,,
0x69cd4a21639f501dd639226576c4249c1135dd29,,,,,,,,,,,,,,,,,,,,
0x3f17502da0ac0235ed5ca05b621e73bfcb0a9b0e,,,,,,,,,,,,,,,,,,,,
0x2fdd6ca72f6c193d26843992095bfdd01bb9abe4,,,,,,,,,,,,,,,,,,,,
0x78dba641814cc43a2803a4ccef4f0acc369bb9ef,,,,,,,,,,,,,,,,,,,,
0x0bf61023640b5ffa269ebaba895cc3662793a4c9,,,,,,,,,,,,,,,,,,,,
0xef9c76ec5848ab4843d0a743ca58ec9a7194db25,,,,,,,,,,,,,,,,,,,,
0xb82de419c31d81b0570e3ca6f6f5b676ca2a8a76,,,,,,,,,,,,,,,,,,,,
0x868d2bef6bf036576b0ba637501b4137f754941f,,,,,,,,,,,,,,,,,,,,
0x25643186f892dbd7790ff1fe7bc9c70cb7189938,,,,,,,,,,,,,,,,,,,,
0xc9637eea4496b20b9d20d39539b0e98555ca06d9,,,,,,,,,,,,,,,,,,,,
0x865c14f90f05e59ac08d574a396f9bf6d6cfe6f5,,,,,,,,,,,,,,,,,,,,
0x42eed31a8bb26099364b301ae087acfb037ba864,,,,,,,,,,,,,,,,,,,,
0xcf7c5a631343ba2a8b072bfb2614d5e3581c01b2,,,,,,,,,,,,,,,,,,,,
0x12846a6da4e729a6b5c33d32f93bf52ee3cae8c3,,,,,,,,,,,,,,,,,,,,
0x43e65f8116174d1c38eed3545d21fc37ea34b565,,,,,,,,,,,,,,,,,,,,
0x22d5f7d3ff3875a0df69b7c65fa61f13d0ea909b,,,,,,,,,,,,,,,,,,,,
0xaf956e083307c89ff2bad70ad15e923531e0a402,,,,,,,,,,,,,,,,,,,,
0xf3a84d6e9dd7eb9ec1e48f3e326d91f18f0f7f89,,,,,,,,,,,,,,,,,,,,
0x60ac34086f18ebeba5eecd14e80f4f288dad5078,,,,,,,,,,,,,,,,,,,,
0xca119907cfd60c35e8eedcf99b1db01ef8c179aa,,,,,,,,,,,,,,,,,,,,
0x0dd9d1253bae44f8ba970106f2355ad54c992d81,,,,,,,,,,,,,,,,,,,,
0xb479ceb3fa4ec82e4ace4b54bbcfbb9b3f7d8665,,,,,,,,,,,,,,,,,,,,
0x06fcc5f1e7af00f53e9ec513a1c114a3549add0d,,,,,,,,,,,,,,,,,,,,
0x11e14b7a383f3d7b82dd63da8f9b6b4d6c392b6e,,,,,,,,,,,,,,,,,,,,
0xede45199a2fc217a2a55f9e645976b5f93dbe7b5,,,,,,,,,,,,,,,,,,,,
0x3d7bf42e4f06f4dbc54818410c07e47b76059dba,,,,,,,,,,,,,,,,,,,,
0x9516e80ba79b97d5085ea4553df9e35022b1a656,,,,,,,,,,,,,,,,,,,,
0xacfbbb80254bfe0b6b53009d5865d65c2f14326b,,,,,,,,,,,,,,,,,,,,
0x4f46786a97c955c1da6efbe37da1c83f1c0928b0,,,,,,,,,,,,,,,,,,,,
0x08f3bbfa7a84c0a36555b11bda866bd73f8ea641,,,,,,,,,,,,,,,,,,,,
0xcccd971bef17b7e9e006c45788771d5437ab1c23,,,,,,,,,,,,,,,,,,,,
0xa80b9cba10e137cf1279128523a98430b0f30733,,,,,,,,,,,,,,,,,,,,
0x7fc98250d960cabd6a41f27961af42b252cc0577,,,,,,,,,,,,,,,,,,,,
0x269e07eac18b3681f3447263c28a766457ff074b,,,,,,,,,,,,,,,,,,,,
0xc3d43f8e008ccff959101b8d0d26562e84d2b204,,,,,,,,,,,,,,,,,,,,
0x5c7904568f04dabb7ef6ca75e15ebdf53772a56c,,,,,,,,,,,,,,,,,,,,
0x9728db58749de1d9cd8881be30937eb80bf9489b,,,,,,,,,,,,,,,,,,,,
0x9ebeceb0e3ba26d86e8beb2c3be677e2e9df6ef1,,,,,,,,,,,,,,,,,,,,
0xbb161f190490c1a411766a758a76f8747486b2fb,,,,,,,,,,,,,,,,,,,,
0xebf40c298f8bb63cd3a16a593453b83ca8736b9a,,,,,,,,,,,,,,,,,,,,
0x367308ddd755cda085b02ab16ea198030868ff68,,,,,,,,,,,,,,,,,,,,
0x500b9c3fd9a953f743a3b09bfaec5aa69938558f,,,,,,,,,,,,,,,,,,,,
0xaf765669d4576efef632de355f825cb2453a51e7,,,,,,,,,,,,,,,,,,,,
0x594bcee0ae5e06a549e4518c7295a2116f61a1fe,,,,,,,,,,,,,,,,,,,,
0x3b6cce32ba37fa5689fab313371dcf044ecef536,,,,,,,,,,,,,,,,,,,,
0xabe8578a138f2d927d18ee273f68ffa00426beaf,,,,,,,,,,,,,,,,,,,,
0xfeed6d06e64532115dd3ac4912dd60669ca02fca,,,,,,,,,,,,,,,,,,,,
0x9103e3d7b1e88939d83da54464a49bb4ebc7f4cf,,,,,,,,,,,,,,,,,,,,
0x3f727e7144091d894fea98a2ef2ce7bcddfcf5bd,,,,,,,,,,,,,,,,,,,,
0x4bbeab058a7169f6038bad4e0deceac61f0f0a25,,,,,,,,,,,,,,,,,,,,
0x3207446dd7fdefa5dd9f66e89f0f49070afc5731,,,,,,,,,,,,,,,,,,,,
0x043ac44f8cec7e359a31415f1e54459a8c2599a0,,,,,,,,,,,,,,,,,,,,
0x1c05decb151a459e8b045a93f472d1b238204094,,,,,,,,,,,,,,,,,,,,
0x3702711ea0cad00ac9a62c5fec762af52235c440,,,,,,,,,,,,,,,,,,,,
0xbf92620478dd964cac8e0d8d98bf3336727f4982,,,,,,,,,,,,,,,,,,,,
0xd7f2e2ff25be8af5e7fd6a98468cf1ec98248ed3,,,,,,,,,,,,,,,,,,,,
0xb8b573af3af72d19aeaf3208e1476326e0b5ff3f,,,,,,,,,,,,,,,,,,,,
0x1380900653c46436d8f5dc67d00dfe31806a5c17,,,,,,,,,,,,,,,,,,,,
0xf8e8f48d0e72e41a21acc8897d4012126d04de78,,,,,,,,,,,,,,,,,,,,
0x411c7eb7498a005f3ffb00562534faf621155b98,,,,,,,,,,,,,,,,,,,,
0x5227f9ae523603f35278dfb8f474fda962b92f1f,,,,,,,,,,,,,,,,,,,,
0xef8efb6ef07c26f28fd6651e4bc30b4458d50fb2,,,,,,,,,,,,,,,,,,,,
0x62b8e69f9540305cbcce6a94830597ecaaa8183d,,,,,,,,,,,,,,,,,,,,
0xa301f00b655a45d454747b4b8fb3dcefd8c4d66f,,,,,,,,,,,,,,,,,,,,
0x475ba2a03abcbbeb2c1fbd7d0036e20bbdd3b1aa,,,,,,,,,,,,,,,,,,,,
0x95e84433b81e8cd060edeba6ad7ec2a91fd72f10,,,,,,,,,,,,,,,,,,,,
0xd150ae7f9ae8e74cb3506062bae28006a7f8b7cf,,,,,,,,,,,,,,,,,,,,
0xc47eb73b16607e4bb070372e80e4d2692326b4a4,,,,,,,,,,,,,,,,,,,,
0x7ebc0e80f1eaa1aec218777774bcf517b0313d0a,,,,,,,,,,,,,,,,,,,,
0x07c8a8395f5c77791d1b44a651f9c8aa18e345f5,,,,,,,,,,,,,,,,,,,,
0x7ec0294fc6de39bfc7df163608f4f37a94c7d8de,,,,,,,,,,,,,,,,,,,,
0x2464a1b24978f0088d23bef6749dff4258e21d80,,,,,,,,,,,,,,,,,,,,
0xf3464a7c9bf0de5681f071255b05fc8a3a3c331a,,,,,,,,,,,,,,,,,,,,
0x4f8d777245ba00dfb7492e81866071eeac4d45a9,,,,,,,,,,,,,,,,,,,,
0x8f23d0114753290f21f334aa0f8c635b793f2b81,,,,,,,,,,,,,,,,,,,,
0xed9dcd228fa818c80244e8bf8c9b45342831d3c7,,,,,,,,,,,,,,,,,,,,
0x88fa395aa8a7b57cff6572fd37b585e1e8ce3dac,,,,,,,,,,,,,,,,,,,,
0x9a4ebe90967c5a3e4c15cae6c14926e91a615c34,,,,,,,,,,,,,,,,,,,,
0x320264dcdfce8e45fa25c63a6cbe3252ae69923b,,,,,,,,,,,,,,,,,,,,
0x1213a46dd9ad97338385c462a133dec6786cb685,,,,,,,,,,,,,,,,,,,,
0xff76c8d6ee49b6b2f4347d86d4bc87d577fe3856,,,,,,,,,,,,,,,,,,,,
0x7149cbe06884a679712cd2e1b0f73a4274dce274,,,,,,,,,,,,,,,,,,,,
0x841e9b92b0752d820364e59e5fec881d15e46388,,,,,,,,,,,,,,,,,,,,
0x7f69eec4a308381e9d1a8a030c0d19b0bfe5ce16,,,,,,,,,,,,,,,,,,,,
0x52e16e1c8c77dbe194e534aaafa45e0febf93860,,,,,,,,,,,,,,,,,,,,
0x78fb8b2fd28c1f34cc6bc15813cacccc5d8c5454,,,,,,,,,,,,,,,,,,,,
0x10b5f5e3e899b64aff15fb6f07c9b448fe4929b0,,,,,,,,,,,,,,,,,,,,
0x2c9be11a752b37f9f3a7ca59367b8da59945275e,,,,,,,,,,,,,,,,,,,,
0xaddc4deaff6a204ed549307683b3a623e912c6f7,,,,,,,,,,,,,,,,,,,,
0x982a2fdd8cea189a9ccbc5a20088c975935615d8,,,,,,,,,,,,,,,,,,,,
0xbba189f977ed9038d1a05918fe7e097644de5778,,,,,,,,,,,,,,,,,,,,
0x40fc2fe58ba27a9b0b6bbacbf6fdf9bebf55d0c2,,,,,,,,,,,,,,,,,,,,
0x9c529af39499eec506ac31fdfa13bb299c2c2a55,,,,,,,,,,,,,,,,,,,,
0x3027cd90cdd125a7aa16b9a50c5cb1b0cf7d118f,,,,,,,,,,,,,,,,,,,,
0x874e374e53dc0b50e2a2f71a684d008d78f1d15b,,,,,,,,,,,,,,,,,,,,
0xc02ff90d81a42fd0d7addcd2980157e28f328092,,,,,,,,,,,,,,,,,,,,
0xa788e0586409fa4eaf986e24604003adaa3dcc9d,,,,,,,,,,,,,,,,,,,,
0x590d35876f5b026afa53eb3caa708edda5c669f1,,,,,,,,,,,,,,,,,,,,
0x947fe7dcc03bf7f3583bfa2539f4a43dd18a277c,,,,,,,,,,,,,,,,,,,,
0x31a406efbd18897c85a028ca2ad9bbf06febaa2c,,,,,,,,,,,,,,,,,,,,
0x93d2bdca32d63cea758f34f991f8b00f22db74d7,,,,,,,,,,,,,,,,,,,,